{
	"1": {
		"melon": 0.8944271909999159
	},
	"2": {
		"bugs": 0.9486832980505138
	},
	"3": {
		"genie": 0.9486832980505138
	}
}